439,
406,
421,
439,
423,
415,
418,
415,
425,
412,
422,
414,
426,
424,
422,
423,
414,
449,
425,
418,
423,
418,
432,
435,
445,
433,
421,
425,
414,
448,
416,
441,
418,
413,
421,
431,
438,
424,
425,
412,
428,
442,
429,
430,
429,
424,
431,
420,
427,
424,
432,
440,
434,
427,
424,
423,
421,
421,
445,
422,
420,
425,
421,
426,
425,
414,
429,
431,
416,
415,
430,
429,
439,
413,
430,
428,
416,
430,
443,
421,
419,
432,
421,
434,
430,
440,
417,
430,
429,
425,
432,
421,
439,
426,
424,
411,
428,
429,
428,
448,
417,
417,
421,
419,
426,
429,
421,
429,
427,
430,
418,
428,
439,
434,
433,
417,
423,
421,
414,
442,
420,
422,
423,
419,
419,
435,
427,
427,
379,
425,
417,
418,
426,
421,
437,
424,
420,
409,
425,
430,
421,
415,
419,
420,
429,
422,
429,
416,
426,
433,
427,
433,
429,
438,
429,
420,
420,
418,
429,
444,
440,
419,
426,
417,
423,
419,
420,
449,
423,
438,
426,
423,
427,
388,
427,
424,
416,
438,
425,
416,
432
